{
	"서울" : {
		"code": "01",
		"theaters" : {
			"CGV강남" : "0056",
			"CGV강변" : "0001",
			"CGV건대입구" : "0229",
			"CGV구로" : "0010",
			"CGV대학로" : "0063",
			"CGV동대문" : "0252",
			"CGV등촌" : "0230",
			"CGV명동" : "0009",
			"CGV명동역 씨네라이브러리" : "00105",
			"CGV목동" : "0011",
			"CGV미아" : "0057",
			"CGV불광" : "0030"
		}
	},
	"경기" :{
		"code" : "02"
	},
	"인천" :{
		"code" : "03"
	},
	"강원" :{
		"code" : "04"
	},
	"대전/충청" :{
		"code" : "05"
	},
	"대구" :{
		"code" : "06"
	},
	"부산/울산" :{
		"code" : "07"
	},
	"경상" :{
		"code" : "08"
	},
	"광주/전라/제주" :{
		"code" : "09"
	}
}